{
  "dependencies": {
    "@microsoft/sp-core-library": "1.10.0",
    "@microsoft/sp-property-pane": "1.10.0",
    "@microsoft/sp-webpart-base": "1.10.0",
    "@microsoft/sp-lodash-subset": "1.10.0",
    "@microsoft/sp-office-ui-fabric-core": "1.10.0"
  },
  "devDependencies": {
    "@microsoft/sp-build-web": "1.10.0",
    "@microsoft/sp-tslint-rules": "1.10.0",
    "@microsoft/sp-module-interfaces": "1.10.0",
    "@microsoft/sp-webpart-workbench": "1.10.0",
    "@microsoft/rush-stack-compiler-3.3": "0.3.5"
  }
}