{
  "name": "@microsoft/generator-sharepoint",
  "entries": [
    {
      "version": "1.10.0",
      "tag": "@microsoft/generator-sharepoint_v1.10.0",
      "date": "Mon, 06 Jan 2020 18:14:52 GMT",
      "comments": {
        "none": [
          {
            "comment": "Remove erroneous white space character from React template import line breaking TSC compilation"
          },
          {
            "comment": "Fix casing of ClientSideInstance.xml for case-sensitive file systems"
          },
          {
            "comment": "Update @microsoft/rush-stack-compiler to 3.3"
          },
          {
            "comment": "Suppress ms-Grid camelcase warning breaking ship builds"
          },
          {
            "comment": "Support for SearchQueryModifier"
          },
          {
            "comment": "Fix issue with extra spaces in ts files"
          },
          {
            "comment": "Updating property pane api imports for web parts"
          },
          {
            "comment": "update @types/jest to match current jest version"
          }
        ],
        "dependency": [
          {
            "comment": "Updating dependency \"@ms/sp-build-internal-tasks\" from `~0.14.15` to `~0.14.16`"
          }
        ]
      }
    }
  ]
}
